[
    {
        "action": "afficher_users",
        "Controller": "UserController::Afficher"
    },
    
    {
        "action": "editPass",
        "Controller": "UserController::EditPass"
    
    },
    {
        "action": "editSPass",
        "Controller": "UserController::EditSuperPass"
    
    },

    {
        "action": "dashboard",
        "Controller": "UserController::Dashboard"
    
    },


    {
        "action": "forgetPass",
        "Controller": "UserController::ForgetPass"
    
    },
    {
        "action": "resetPass",
        "Controller": "UserController::ResetPass"
    
    },
    {
        "action": "/",
        "Controller": "DefaultController::index"
    },

    {
        "action": "comfirm_users",
        "Controller": "UserController::Comfirm"
    
    }

    ,
    {
        "action": "inscription",
        "Controller": "UserController::Create"
    
    }
,

    {
        "action": "connexion",
        "Controller": "UserController::Connexion"
    
    }
    ,
    {
        "action": "questionaire",
        "Controller": "UserController::UserQuest"
    
    }
,   
 {
    "action": "edit_users",
    "Controller": "UserController::EditUser"

}
,
{
    "action": "create_admin",
    "Controller": "UserController::CreateAdmin"

}
,
{
    "action": "quizDetails",
    "Controller": "UserController::QuizDetails"

}

,{
    "action": "validation",
    "Controller": "UserController::ValiderQuiz"

}

,


{
    "action": "delete_User",
    "Controller": "UserController::DeleteUser"

},
{
    "action": "delete_Quiz",
    "Controller": "UserController::DeleteQuiz"

},
{


    "action": "users",
    "Controller": "UserController::Dashboard1"
 
},
{


    "action": "about",
    "Controller": "UserController::Aboutme"
 
}
    
,
{


    "action": "users_dash",
    "Controller": "UserController::Dashboard2"
 
}
,
{
    "action": "afficher_tout_quiz",
    "Controller": "QuizController::AfficherAllQuiz"

},
{
    "action": "create_quiz",
    "Controller":"QuizController::createQuiz"
},
{
        "action":"user_quiz",
        "Controller": "QuizController::UserAfficherAllQuiz"
}

,
    {
        "action": "passer_quiz",
        "Controller": "QuizController::PasserQuiz"
    },

{
    "action": "resultat",
    "Controller": "QuizController::Resultat"
    

},
    {
        "action":"supprimer_quiz",
        "Controller":"QuizController::DeleteQuiz"
    }
]